{
    "debit_card_specializing": 0.0,
    "student_club": 4.166666666666666,
    "thrombosis_prediction": 0.0,
    "european_football_2": 5.88235294117647,
    "formula_1": 6.0606060606060606,
    "superhero": 1.9230769230769231,
    "codebase_community": 6.122448979591836,
    "card_games": 3.8461538461538463,
    "toxicology": 0.0,
    "california_schools": 3.3333333333333335,
    "financial": 0.0
}