{
    "debit_card_specializing": 37.45034889962426,
    "student_club": 65.71969696969697,
    "thrombosis_prediction": 25.195303326810176,
    "european_football_2": 10.904071773636993,
    "formula_1": 42.45791245791246,
    "superhero": 68.47700908309035,
    "codebase_community": 40.986394557823125,
    "card_games": 39.6944892495915,
    "toxicology": 36.625,
    "california_schools": 7.090617511534468,
    "financial": 6.597222222222222
}