{
    "debit_card_specializing": 33.33333333333333,
    "student_club": 62.5,
    "thrombosis_prediction": 22.0,
    "european_football_2": 9.803921568627452,
    "formula_1": 39.39393939393939,
    "superhero": 67.3076923076923,
    "codebase_community": 36.734693877551024,
    "card_games": 36.53846153846153,
    "toxicology": 30.0,
    "california_schools": 6.666666666666667,
    "financial": 6.25
}