{
    "debit_card_specializing": 33.33333333333333,
    "student_club": 58.92565359477124,
    "thrombosis_prediction": 7.911111111111111,
    "european_football_2": 11.55766654487882,
    "formula_1": 32.53182228791985,
    "superhero": 48.915879442195234,
    "codebase_community": 38.0952380952381,
    "card_games": 33.97435897435898,
    "toxicology": 29.51923076923077,
    "california_schools": 26.041677577027144,
    "financial": 21.875
}