{
    "debit_card_specializing": 10.0,
    "student_club": 12.5,
    "thrombosis_prediction": 0.0,
    "european_football_2": 3.9215686274509802,
    "formula_1": 6.0606060606060606,
    "superhero": 11.538461538461538,
    "codebase_community": 14.285714285714285,
    "card_games": 5.769230769230769,
    "toxicology": 0.0,
    "california_schools": 6.666666666666667,
    "financial": 6.25
}