{
    "debit_card_specializing": 33.33333333333333,
    "student_club": 58.333333333333336,
    "thrombosis_prediction": 6.0,
    "european_football_2": 11.76470588235294,
    "formula_1": 28.78787878787879,
    "superhero": 48.07692307692308,
    "codebase_community": 36.734693877551024,
    "card_games": 32.69230769230769,
    "toxicology": 27.500000000000004,
    "california_schools": 10.0,
    "financial": 21.875
}